,match_id,player1,player2,elapsed_time,set_no,game_no,point_no,p1_sets,p2_sets,p1_games,p2_games,p1_score,p2_score,server,serve_no,point_victor,p1_points_won,p2_points_won,game_victor,set_victor,p1_ace,p2_ace,p1_winner,p2_winner,winner_shot_type,p1_double_fault,p2_double_fault,p1_unf_err,p2_unf_err,p1_net_pt,p2_net_pt,p1_net_pt_won,p2_net_pt_won,p1_break_pt,p2_break_pt,p1_break_pt_won,p2_break_pt_won,p1_break_pt_missed,p2_break_pt_missed,p1_distance_run,p2_distance_run,rally_count,speed_mph,serve_width,serve_depth,return_depth,race
0,2023-wimbledon-1301,Carlos Alcaraz,Nicolas Jarry,0:00:00,1,1,1,0,0,0,0,0,0,1,2,2,0,1,0,0,0,0,0,0,0,0,0,1,0,0,0,0,0,0,0,0,0,0,0,6.0,7.84,2,95.0,BC,NCTL,ND,0
1,2023-wimbledon-1301,Carlos Alcaraz,Nicolas Jarry,0:00:38,1,1,2,0,0,0,0,0,15,1,1,1,1,1,0,0,0,0,0,0,0,0,0,0,0,0,0,0,0,0,0,0,0,0,0,5.253,7.094,1,118.0,B,CTL,ND,0
2,2023-wimbledon-1301,Carlos Alcaraz,Nicolas Jarry,0:01:01,1,1,3,0,0,0,0,15,15,1,1,2,1,2,0,0,0,0,0,0,0,0,0,1,0,0,0,0,0,0,0,0,0,0,0,13.8,19.808,4,120.0,B,NCTL,D,0
3,2023-wimbledon-1301,Carlos Alcaraz,Nicolas Jarry,0:01:31,1,1,4,0,0,0,0,15,30,1,1,1,2,2,0,0,0,0,1,0,F,0,0,0,0,0,1,0,0,0,0,0,0,0,0,51.108,75.631,13,130.0,BW,CTL,D,0
4,2023-wimbledon-1301,Carlos Alcaraz,Nicolas Jarry,0:02:21,1,1,5,0,0,0,0,30,30,1,1,1,3,2,0,0,1,0,1,0,0,0,0,0,0,0,0,0,0,0,0,0,0,0,0,0.649,0.813,1,112.0,W,NCTL,,1
5,2023-wimbledon-1301,Carlos Alcaraz,Nicolas Jarry,0:02:50,1,1,6,0,0,0,0,40,30,1,2,2,3,3,0,0,0,0,0,0,0,0,0,0,0,0,0,0,0,0,0,0,0,0,0,5.291,4.249,2,97.0,BW,NCTL,ND,0
6,2023-wimbledon-1301,Carlos Alcaraz,Nicolas Jarry,0:03:33,1,1,7,0,0,0,0,40,40,1,1,1,4,3,0,0,1,0,1,0,0,0,0,0,0,0,0,0,0,0,0,0,0,0,0,6.817,17.821,1,109.0,W,CTL,D,1
7,2023-wimbledon-1301,Carlos Alcaraz,Nicolas Jarry,0:04:01,1,1,8,0,0,0,0,AD,40,1,2,2,4,4,0,0,0,0,0,1,F,0,0,0,0,0,1,0,1,0,0,0,0,0,0,17.503,18.067,6,105.0,B,NCTL,ND,0
8,2023-wimbledon-1301,Carlos Alcaraz,Nicolas Jarry,0:04:48,1,1,9,0,0,0,0,40,40,1,1,1,5,4,0,0,0,0,0,0,0,0,0,0,0,1,0,1,0,0,0,0,0,0,0,34.489,24.594,7,128.0,BC,CTL,D,0
9,2023-wimbledon-1301,Carlos Alcaraz,Nicolas Jarry,0:05:32,1,1,10,0,0,0,0,AD,40,1,1,1,6,4,1,0,0,0,0,0,0,0,0,0,0,0,0,0,0,0,0,0,0,0,0,21.235,27.427,5,110.0,B,NCTL,ND,0
10,2023-wimbledon-1301,Carlos Alcaraz,Nicolas Jarry,0:07:05,1,2,11,0,0,1,0,0,0,2,1,2,6,5,0,0,0,1,0,1,0,0,0,0,0,0,0,0,0,0,0,0,0,0,0,5.785,4.915,1,112.0,W,CTL,D,1
11,2023-wimbledon-1301,Carlos Alcaraz,Nicolas Jarry,0:07:28,1,2,12,0,0,1,0,0,15,2,1,1,7,5,0,0,0,0,0,0,0,0,0,0,0,0,0,0,0,0,0,0,0,0,0,19.744,18.244,4,130.0,W,NCTL,D,0
12,2023-wimbledon-1301,Carlos Alcaraz,Nicolas Jarry,0:08:06,1,2,13,0,0,1,0,15,15,2,1,1,8,5,0,0,0,0,0,0,0,0,0,0,1,0,0,0,0,0,0,0,0,0,0,26.013,18.626,4,120.0,C,NCTL,D,0
13,2023-wimbledon-1301,Carlos Alcaraz,Nicolas Jarry,0:08:41,1,2,14,0,0,1,0,30,15,2,1,2,8,6,0,0,0,0,0,1,F,0,0,0,0,0,0,0,0,0,0,0,0,0,0,10.667,7.112,3,128.0,W,NCTL,ND,0
14,2023-wimbledon-1301,Carlos Alcaraz,Nicolas Jarry,0:09:11,1,2,15,0,0,1,0,30,30,2,1,2,8,7,0,0,0,0,0,0,0,0,0,0,0,0,0,0,0,0,0,0,0,0,0,3.399,2.237,1,130.0,C,NCTL,ND,0
15,2023-wimbledon-1301,Carlos Alcaraz,Nicolas Jarry,0:09:37,1,2,16,0,0,1,0,30,40,2,2,1,9,7,0,0,0,0,0,0,0,0,0,0,0,0,0,0,0,0,0,0,0,0,0,5.3,4.307,2,97.0,BW,NCTL,D,0
16,2023-wimbledon-1301,Carlos Alcaraz,Nicolas Jarry,0:10:20,1,2,17,0,0,1,0,40,40,2,1,2,9,8,0,0,0,0,0,0,0,0,0,0,0,0,0,0,0,0,0,0,0,0,0,5.245,5.499,1,124.0,BC,NCTL,,0
17,2023-wimbledon-1301,Carlos Alcaraz,Nicolas Jarry,0:10:45,1,2,18,0,0,1,0,40,AD,2,1,2,9,9,2,0,0,0,0,1,F,0,0,0,0,0,1,0,1,0,0,0,0,0,0,15.194,16.594,3,116.0,C,NCTL,ND,0
18,2023-wimbledon-1301,Carlos Alcaraz,Nicolas Jarry,0:11:24,1,3,19,0,0,1,1,0,0,1,1,1,10,9,0,0,1,0,1,0,0,0,0,0,0,0,0,0,0,0,0,0,0,0,0,0.899,1.073,1,126.0,C,CTL,,1
19,2023-wimbledon-1301,Carlos Alcaraz,Nicolas Jarry,0:11:47,1,3,20,0,0,1,1,15,0,1,1,1,11,9,0,0,0,0,0,0,0,0,0,0,0,0,0,0,0,0,0,0,0,0,0,18.088,34.756,5,127.0,W,CTL,D,0
20,2023-wimbledon-1301,Carlos Alcaraz,Nicolas Jarry,0:12:17,1,3,21,0,0,1,1,30,0,1,1,2,11,10,0,0,0,0,0,0,0,0,0,0,0,0,0,0,0,0,0,0,0,0,0,7.288,10.818,2,114.0,BW,NCTL,D,0
21,2023-wimbledon-1301,Carlos Alcaraz,Nicolas Jarry,0:12:44,1,3,22,0,0,1,1,30,15,1,1,1,12,10,0,0,0,0,0,0,0,0,0,0,1,0,0,0,0,0,0,0,0,0,0,42.166,32.944,9,127.0,B,NCTL,ND,0
22,2023-wimbledon-1301,Carlos Alcaraz,Nicolas Jarry,0:13:26,1,3,23,0,0,1,1,40,15,1,2,1,13,10,1,0,0,0,0,0,0,0,0,0,0,0,0,0,0,0,0,0,0,0,0,3.782,4.479,1,103.0,BC,NCTL,D,0
23,2023-wimbledon-1301,Carlos Alcaraz,Nicolas Jarry,0:15:31,1,4,24,0,0,2,1,0,0,2,2,2,13,11,0,0,0,0,0,0,0,0,0,1,0,0,0,0,0,0,0,0,0,0,0,12.601,13.713,3,107.0,BC,NCTL,ND,0
24,2023-wimbledon-1301,Carlos Alcaraz,Nicolas Jarry,0:16:15,1,4,25,0,0,2,1,0,15,2,1,2,13,12,0,0,0,0,0,0,0,0,0,0,0,0,0,0,0,0,0,0,0,0,0,14.925,13.976,3,111.0,BW,NCTL,ND,0
25,2023-wimbledon-1301,Carlos Alcaraz,Nicolas Jarry,0:16:47,1,4,26,0,0,2,1,0,30,2,1,2,13,13,0,0,0,1,0,1,0,0,0,0,0,0,0,0,0,0,0,0,0,0,0,0.903,1.067,1,125.0,C,NCTL,,1
26,2023-wimbledon-1301,Carlos Alcaraz,Nicolas Jarry,0:17:08,1,4,27,0,0,2,1,0,40,2,1,2,13,14,2,0,0,0,0,1,F,0,0,0,0,0,0,0,0,0,0,0,0,0,0,20.027,7.402,3,126.0,W,NCTL,,0
27,2023-wimbledon-1301,Carlos Alcaraz,Nicolas Jarry,0:17:49,1,5,28,0,0,2,2,0,0,1,1,1,14,14,0,0,0,0,1,0,F,0,0,0,0,0,0,0,0,0,0,0,0,0,0,15.352,29.366,5,116.0,W,CTL,ND,0
28,2023-wimbledon-1301,Carlos Alcaraz,Nicolas Jarry,0:18:25,1,5,29,0,0,2,2,15,0,1,1,1,15,14,0,0,0,0,0,0,0,0,0,0,0,0,0,0,0,0,0,0,0,0,0,4.285,8.276,1,129.0,C,NCTL,ND,0
29,2023-wimbledon-1301,Carlos Alcaraz,Nicolas Jarry,0:18:50,1,5,30,0,0,2,2,30,0,1,1,1,16,14,0,0,0,0,0,0,0,0,0,0,0,1,0,1,0,0,0,0,0,0,0,11.974,12.523,3,110.0,BC,NCTL,ND,0
30,2023-wimbledon-1301,Carlos Alcaraz,Nicolas Jarry,0:19:20,1,5,31,0,0,2,2,40,0,1,2,2,16,15,0,0,0,0,0,0,0,0,0,1,0,0,0,0,0,0,0,0,0,0,0,5.609,6.965,2,113.0,BC,NCTL,ND,0
31,2023-wimbledon-1301,Carlos Alcaraz,Nicolas Jarry,0:20:03,1,5,32,0,0,2,2,40,15,1,2,2,16,16,0,0,0,0,0,0,0,0,0,0,0,0,0,0,0,0,0,0,0,0,0,8.518,12.74,2,104.0,BC,NCTL,D,0
32,2023-wimbledon-1301,Carlos Alcaraz,Nicolas Jarry,0:20:55,1,5,33,0,0,2,2,40,30,1,1,2,16,17,0,0,0,0,0,0,0,0,0,1,0,0,0,0,0,0,0,0,0,0,0,8.859,11.439,2,111.0,B,CTL,D,0
33,2023-wimbledon-1301,Carlos Alcaraz,Nicolas Jarry,0:21:27,1,5,34,0,0,2,2,40,40,1,2,1,17,17,0,0,0,0,0,0,0,0,0,0,0,1,0,1,0,0,0,0,0,0,0,30.782,25.6,5,97.0,C,CTL,D,0
34,2023-wimbledon-1301,Carlos Alcaraz,Nicolas Jarry,0:22:19,1,5,35,0,0,2,2,AD,40,1,1,1,18,17,1,0,0,0,0,0,0,0,0,0,0,1,0,1,0,0,0,0,0,0,0,6.824,9.574,1,114.0,C,NCTL,D,0
35,2023-wimbledon-1301,Carlos Alcaraz,Nicolas Jarry,0:24:22,1,6,36,0,0,3,2,0,0,2,1,2,18,18,0,0,0,0,0,0,0,0,0,0,0,0,0,0,0,0,0,0,0,0,0,7.809,6.11,1,110.0,W,CTL,ND,0
36,2023-wimbledon-1301,Carlos Alcaraz,Nicolas Jarry,0:24:53,1,6,37,0,0,3,2,0,15,2,2,1,19,18,0,0,0,0,0,0,0,0,0,0,1,0,0,0,0,0,0,0,0,0,0,29.094,29.593,6,90.0,BW,NCTL,ND,0
37,2023-wimbledon-1301,Carlos Alcaraz,Nicolas Jarry,0:26:05,1,6,38,0,0,3,2,15,15,2,1,2,19,19,0,0,0,0,0,0,0,0,0,0,0,0,0,0,0,0,0,0,0,0,0,6.815,5.189,1,125.0,C,NCTL,D,0
38,2023-wimbledon-1301,Carlos Alcaraz,Nicolas Jarry,0:26:30,1,6,39,0,0,3,2,15,30,2,1,2,19,20,0,0,0,0,0,0,0,0,0,0,0,0,0,0,0,0,0,0,0,0,0,2.678,2.617,1,127.0,B,NCTL,ND,0
39,2023-wimbledon-1301,Carlos Alcaraz,Nicolas Jarry,0:26:56,1,6,40,0,0,3,2,15,40,2,2,2,19,21,2,0,0,0,0,0,0,0,0,0,0,0,0,0,0,0,0,0,0,0,0,5.043,4.667,1,111.0,BW,NCTL,ND,0
40,2023-wimbledon-1301,Carlos Alcaraz,Nicolas Jarry,0:27:42,1,7,41,0,0,3,3,0,0,1,2,1,20,21,0,0,0,0,1,0,B,0,0,0,0,0,1,0,0,0,0,0,0,0,0,34.233,32.677,9,107.0,BW,NCTL,ND,0
41,2023-wimbledon-1301,Carlos Alcaraz,Nicolas Jarry,0:28:37,1,7,42,0,0,3,3,15,0,1,1,1,21,21,0,0,0,0,0,0,0,0,0,0,1,0,1,0,0,0,0,0,0,0,0,9.872,19.138,3,120.0,C,NCTL,ND,0
42,2023-wimbledon-1301,Carlos Alcaraz,Nicolas Jarry,0:29:06,1,7,43,0,0,3,3,30,0,1,1,1,22,21,0,0,0,0,1,0,F,0,0,0,0,0,0,0,0,0,0,0,0,0,0,6.277,11.043,3,115.0,W,CTL,ND,0
43,2023-wimbledon-1301,Carlos Alcaraz,Nicolas Jarry,0:29:32,1,7,44,0,0,3,3,40,0,1,2,2,22,22,0,0,0,0,0,0,0,0,0,0,0,0,0,0,0,0,0,0,0,0,0,18.076,18.664,6,104.0,BW,NCTL,D,0
44,2023-wimbledon-1301,Carlos Alcaraz,Nicolas Jarry,0:30:17,1,7,45,0,0,3,3,40,15,1,2,1,23,22,1,0,0,0,0,0,0,0,0,0,0,0,1,0,0,0,0,0,0,0,0,31.727,25.324,5,101.0,B,NCTL,D,0
45,2023-wimbledon-1301,Carlos Alcaraz,Nicolas Jarry,0:32:34,1,8,46,0,0,4,3,0,0,2,1,2,23,23,0,0,0,0,0,0,0,0,0,0,0,0,0,0,0,0,0,0,0,0,0,5.879,4.853,1,132.0,C,CTL,D,0
46,2023-wimbledon-1301,Carlos Alcaraz,Nicolas Jarry,0:32:57,1,8,47,0,0,4,3,0,15,2,2,1,24,23,0,0,0,0,0,0,0,0,1,0,1,0,0,0,0,0,0,0,0,0,0,0.929,0.93,0,,W,CTL,,0
47,2023-wimbledon-1301,Carlos Alcaraz,Nicolas Jarry,0:33:33,1,8,48,0,0,4,3,15,15,2,1,2,24,24,0,0,0,1,0,1,0,0,0,0,0,0,0,0,0,0,0,0,0,0,0,1.427,0.849,1,130.0,C,CTL,,1
48,2023-wimbledon-1301,Carlos Alcaraz,Nicolas Jarry,0:33:58,1,8,49,0,0,4,3,15,30,2,2,1,25,24,0,0,0,0,0,0,0,0,0,0,1,0,0,0,0,0,0,0,0,0,0,17.838,18.464,6,101.0,BW,NCTL,D,0
49,2023-wimbledon-1301,Carlos Alcaraz,Nicolas Jarry,0:34:46,1,8,50,0,0,4,3,30,30,2,2,1,26,24,0,0,0,0,1,0,F,0,0,0,0,0,1,0,0,0,0,0,0,0,0,61.781,54.356,16,106.0,B,NCTL,D,0
50,2023-wimbledon-1301,Carlos Alcaraz,Nicolas Jarry,0:36:02,1,8,51,0,0,4,3,40,30,2,2,1,27,24,1,0,0,0,0,0,0,0,0,0,1,0,0,0,0,1,0,1,0,0,0,29.677,19.121,6,106.0,B,NCTL,ND,0
51,2023-wimbledon-1301,Carlos Alcaraz,Nicolas Jarry,0:37:18,1,9,52,0,0,5,3,0,0,1,1,1,28,24,0,0,0,0,0,0,0,0,0,0,0,0,0,0,0,0,0,0,0,0,0,3.341,4.725,1,115.0,BW,NCTL,D,0
52,2023-wimbledon-1301,Carlos Alcaraz,Nicolas Jarry,0:37:44,1,9,53,0,0,5,3,15,0,1,2,2,28,25,0,0,0,0,0,0,0,0,0,0,0,0,0,0,0,0,0,0,0,0,0,5.528,7.524,2,100.0,BW,NCTL,D,0
53,2023-wimbledon-1301,Carlos Alcaraz,Nicolas Jarry,0:38:26,1,9,54,0,0,5,3,15,15,1,1,1,29,25,0,0,0,0,0,0,0,0,0,0,0,0,0,0,0,0,0,0,0,0,0,4.227,6.116,1,122.0,BC,NCTL,D,0
54,2023-wimbledon-1301,Carlos Alcaraz,Nicolas Jarry,0:38:54,1,9,55,0,0,5,3,30,15,1,1,2,29,26,0,0,0,0,0,0,0,0,0,0,0,1,0,0,0,0,0,0,0,0,0,11.654,11.702,4,115.0,C,NCTL,ND,0
55,2023-wimbledon-1301,Carlos Alcaraz,Nicolas Jarry,0:39:29,1,9,56,0,0,5,3,30,30,1,1,1,30,26,0,0,0,0,0,0,0,0,0,0,0,1,0,1,0,0,0,0,0,0,0,11.34,11.519,3,129.0,C,NCTL,ND,0
56,2023-wimbledon-1301,Carlos Alcaraz,Nicolas Jarry,0:40:01,1,9,57,0,0,5,3,40,30,1,1,2,30,27,0,0,0,0,0,0,0,0,0,1,0,1,0,0,0,0,0,0,0,0,0,9.299,8.077,2,113.0,BW,NCTL,,0
57,2023-wimbledon-1301,Carlos Alcaraz,Nicolas Jarry,0:40:33,1,9,58,0,0,5,3,40,40,1,1,1,31,27,0,0,0,0,0,0,0,0,0,0,0,0,1,0,0,0,0,0,0,0,0,31.428,29.751,7,114.0,BW,NCTL,D,0
58,2023-wimbledon-1301,Carlos Alcaraz,Nicolas Jarry,0:41:23,1,9,59,0,0,5,3,AD,40,1,2,2,31,28,0,0,0,0,0,1,F,0,0,0,0,0,1,0,1,0,0,0,0,0,0,16.514,17.962,4,88.0,BW,NCTL,ND,0
59,2023-wimbledon-1301,Carlos Alcaraz,Nicolas Jarry,0:42:31,1,9,60,0,0,5,3,40,40,1,1,2,31,29,0,0,0,0,0,1,F,0,0,0,0,0,1,0,1,0,0,0,0,0,0,21.882,23.411,6,123.0,BC,NCTL,D,0
60,2023-wimbledon-1301,Carlos Alcaraz,Nicolas Jarry,0:43:18,1,9,61,0,0,5,3,40,AD,1,1,1,32,29,0,0,0,0,1,0,B,0,0,0,0,0,0,0,0,0,1,0,0,0,1,18.705,28.259,7,121.0,BC,NCTL,ND,0
61,2023-wimbledon-1301,Carlos Alcaraz,Nicolas Jarry,0:43:59,1,9,62,0,0,5,3,40,40,1,1,1,33,29,0,0,0,0,0,0,0,0,0,0,0,0,0,0,0,0,0,0,0,0,0,2.109,3.14,1,130.0,C,NCTL,ND,0
62,2023-wimbledon-1301,Carlos Alcaraz,Nicolas Jarry,0:44:29,1,9,63,0,0,5,3,AD,40,1,1,1,34,29,1,1,0,0,0,0,0,0,0,0,1,1,0,1,0,0,0,0,0,0,0,16.592,19.606,3,132.0,BW,NCTL,ND,0
63,2023-wimbledon-1301,Carlos Alcaraz,Nicolas Jarry,0:47:04,2,1,64,1,0,0,0,0,0,2,1,2,34,30,0,0,0,1,0,1,0,0,0,0,0,0,0,0,0,0,0,0,0,0,0,1.621,0.843,1,123.0,C,NCTL,,1
64,2023-wimbledon-1301,Carlos Alcaraz,Nicolas Jarry,0:47:27,2,1,65,1,0,0,0,0,15,2,1,2,34,31,0,0,0,1,0,1,0,0,0,0,0,0,0,0,0,0,0,0,0,0,0,0.896,0.864,1,117.0,C,NCTL,,1
65,2023-wimbledon-1301,Carlos Alcaraz,Nicolas Jarry,0:47:52,2,1,66,1,0,0,0,0,30,2,1,2,34,32,0,0,0,0,0,0,0,0,0,0,0,0,1,0,1,0,0,0,0,0,0,3.619,3.818,1,123.0,B,NCTL,ND,0
66,2023-wimbledon-1301,Carlos Alcaraz,Nicolas Jarry,0:48:17,2,1,67,1,0,0,0,0,40,2,1,2,34,33,2,0,0,0,0,0,0,0,0,0,0,0,0,0,0,0,0,0,0,0,0,9.33,6.471,1,122.0,C,CTL,ND,0
67,2023-wimbledon-1301,Carlos Alcaraz,Nicolas Jarry,0:49:17,2,2,68,1,0,0,1,0,0,1,1,1,35,33,0,0,1,0,1,0,0,0,0,0,0,0,0,0,0,0,0,0,0,0,0,0.827,1.015,1,127.0,C,NCTL,,1
68,2023-wimbledon-1301,Carlos Alcaraz,Nicolas Jarry,0:49:38,2,2,69,1,0,0,1,15,0,1,2,1,36,33,0,0,0,0,0,0,0,0,0,0,0,0,0,0,0,0,0,0,0,0,0,2.754,3.715,1,102.0,BW,NCTL,ND,0
69,2023-wimbledon-1301,Carlos Alcaraz,Nicolas Jarry,0:50:14,2,2,70,1,0,0,1,30,0,1,2,2,36,34,0,0,0,0,0,1,F,0,0,0,0,0,0,0,0,0,0,0,0,0,0,3.314,3.801,2,111.0,BW,NCTL,D,0
70,2023-wimbledon-1301,Carlos Alcaraz,Nicolas Jarry,0:51:10,2,2,71,1,0,0,1,30,15,1,1,2,36,35,0,0,0,0,0,0,0,0,0,1,0,0,0,0,0,0,0,0,0,0,0,35.48,40.171,12,118.0,BC,NCTL,D,0
71,2023-wimbledon-1301,Carlos Alcaraz,Nicolas Jarry,0:51:54,2,2,72,1,0,0,1,30,30,1,1,1,37,35,0,0,1,0,1,0,0,0,0,0,0,0,0,0,0,0,0,0,0,0,0,0.824,1.682,1,126.0,C,NCTL,,1
72,2023-wimbledon-1301,Carlos Alcaraz,Nicolas Jarry,0:52:21,2,2,73,1,0,0,1,40,30,1,2,2,37,36,0,0,0,0,0,0,0,0,0,1,0,0,0,0,0,0,0,0,0,0,0,11.674,13.243,2,97.0,W,CTL,ND,0
73,2023-wimbledon-1301,Carlos Alcaraz,Nicolas Jarry,0:53:06,2,2,74,1,0,0,1,40,40,1,2,2,37,37,0,0,0,0,0,0,0,0,0,1,0,0,0,0,0,0,0,0,0,0,0,7.494,9.222,2,105.0,BC,NCTL,D,0
74,2023-wimbledon-1301,Carlos Alcaraz,Nicolas Jarry,0:54:11,2,2,75,1,0,0,1,40,AD,1,1,2,37,38,2,0,0,0,0,0,0,0,0,0,0,0,0,0,0,0,1,0,1,0,0,8.235,10.59,2,129.0,B,NCTL,ND,0
75,2023-wimbledon-1301,Carlos Alcaraz,Nicolas Jarry,0:54:56,2,3,76,1,0,0,2,0,0,2,1,2,37,39,0,0,0,0,0,0,0,0,0,0,0,0,0,0,0,0,0,0,0,0,0,8.125,7.455,1,126.0,C,CTL,D,0
76,2023-wimbledon-1301,Carlos Alcaraz,Nicolas Jarry,0:55:20,2,3,77,1,0,0,2,0,15,2,1,2,37,40,0,0,0,0,0,0,0,0,0,0,0,0,0,0,0,0,0,0,0,0,0,9.712,11.06,1,128.0,W,CTL,ND,0
77,2023-wimbledon-1301,Carlos Alcaraz,Nicolas Jarry,0:55:50,2,3,78,1,0,0,2,0,30,2,1,2,37,41,0,0,0,0,0,1,F,0,0,0,0,0,0,0,0,0,0,0,0,0,0,10.788,5.077,3,108.0,BW,NCTL,D,0
78,2023-wimbledon-1301,Carlos Alcaraz,Nicolas Jarry,0:57:08,2,3,79,1,0,0,2,0,40,2,2,2,37,42,2,0,0,0,0,0,0,0,0,1,0,0,0,0,0,0,0,0,0,0,0,33.044,35.246,7,101.0,W,CTL,D,0
79,2023-wimbledon-1301,Carlos Alcaraz,Nicolas Jarry,0:59:22,2,4,80,1,0,0,3,0,0,1,2,2,37,43,0,0,0,0,0,0,0,0,0,0,0,0,0,0,0,0,0,0,0,0,0,54.924,44.017,10,106.0,B,NCTL,D,0
80,2023-wimbledon-1301,Carlos Alcaraz,Nicolas Jarry,1:00:17,2,4,81,1,0,0,3,0,15,1,1,1,38,43,0,0,0,0,0,0,0,0,0,0,0,0,0,0,0,0,0,0,0,0,0,6.013,9.173,1,111.0,C,NCTL,ND,0
81,2023-wimbledon-1301,Carlos Alcaraz,Nicolas Jarry,1:00:41,2,4,82,1,0,0,3,15,15,1,1,1,39,43,0,0,1,0,1,0,0,0,0,0,0,0,0,0,0,0,0,0,0,0,0,0.761,0.939,1,110.0,W,CTL,,1
82,2023-wimbledon-1301,Carlos Alcaraz,Nicolas Jarry,1:01:21,2,4,83,1,0,0,3,30,15,1,1,2,39,44,0,0,0,0,0,0,0,0,0,0,0,0,0,0,0,0,0,0,0,0,0,57.844,40.876,8,119.0,C,CTL,D,0
83,2023-wimbledon-1301,Carlos Alcaraz,Nicolas Jarry,1:02:05,2,4,84,1,0,0,3,30,30,1,2,2,39,45,0,0,0,0,0,1,B,0,0,0,0,0,1,0,1,0,0,0,0,0,0,12.977,15.558,4,95.0,C,NCTL,ND,0
84,2023-wimbledon-1301,Carlos Alcaraz,Nicolas Jarry,1:02:54,2,4,85,1,0,0,3,30,40,1,2,1,40,45,0,0,0,0,0,0,0,0,0,0,1,0,0,0,0,0,1,0,0,0,1,9.419,12.316,3,95.0,B,NCTL,ND,0
85,2023-wimbledon-1301,Carlos Alcaraz,Nicolas Jarry,1:03:50,2,4,86,1,0,0,3,40,40,1,1,1,41,45,0,0,0,0,0,0,0,0,0,0,1,0,0,0,0,0,0,0,0,0,0,14.306,18.004,3,102.0,BW,CTL,ND,0
86,2023-wimbledon-1301,Carlos Alcaraz,Nicolas Jarry,1:04:21,2,4,87,1,0,0,3,AD,40,1,2,1,42,45,1,0,0,0,0,0,0,0,0,0,0,0,0,0,0,0,0,0,0,0,0,46.74,38.948,11,120.0,B,NCTL,D,0
87,2023-wimbledon-1301,Carlos Alcaraz,Nicolas Jarry,1:05:38,2,5,88,1,0,1,3,0,0,2,1,2,42,46,0,0,0,0,0,1,F,0,0,0,0,0,0,0,0,0,0,0,0,0,0,31.199,15.177,5,113.0,W,CTL,D,0
88,2023-wimbledon-1301,Carlos Alcaraz,Nicolas Jarry,1:06:16,2,5,89,1,0,1,3,0,15,2,1,2,42,47,0,0,0,0,0,0,0,0,0,0,0,0,1,0,1,0,0,0,0,0,0,11.273,7.428,1,128.0,W,NCTL,D,0
89,2023-wimbledon-1301,Carlos Alcaraz,Nicolas Jarry,1:06:46,2,5,90,1,0,1,3,0,30,2,2,1,43,47,0,0,0,0,1,0,B,0,0,0,0,0,1,0,0,0,0,0,0,0,0,22.467,16.135,6,111.0,C,NCTL,ND,0
90,2023-wimbledon-1301,Carlos Alcaraz,Nicolas Jarry,1:07:42,2,5,91,1,0,1,3,15,30,2,1,1,44,47,0,0,0,0,0,0,0,0,0,0,1,0,0,0,0,0,0,0,0,0,0,36.689,27.317,8,131.0,BW,NCTL,D,0
91,2023-wimbledon-1301,Carlos Alcaraz,Nicolas Jarry,1:08:26,2,5,92,1,0,1,3,30,30,2,1,1,45,47,0,0,0,0,0,0,0,0,0,0,1,0,0,0,0,0,0,0,0,0,0,39.829,32.608,10,134.0,C,NCTL,D,0
92,2023-wimbledon-1301,Carlos Alcaraz,Nicolas Jarry,1:09:19,2,5,93,1,0,1,3,40,30,2,1,2,45,48,0,0,0,0,0,0,0,0,0,0,0,0,1,0,1,1,0,0,0,1,0,30.783,24.947,5,123.0,B,NCTL,ND,0
93,2023-wimbledon-1301,Carlos Alcaraz,Nicolas Jarry,1:10:24,2,5,94,1,0,1,3,40,40,2,2,1,46,48,0,0,0,0,0,0,0,0,0,0,0,0,0,0,0,0,0,0,0,0,0,39.903,38.624,10,107.0,C,NCTL,ND,0
94,2023-wimbledon-1301,Carlos Alcaraz,Nicolas Jarry,1:11:30,2,5,95,1,0,1,3,AD,40,2,1,2,46,49,0,0,0,0,0,0,0,0,0,0,0,0,1,0,1,1,0,0,0,1,0,26.961,12.75,3,118.0,W,CTL,ND,0
95,2023-wimbledon-1301,Carlos Alcaraz,Nicolas Jarry,1:12:08,2,5,96,1,0,1,3,40,40,2,1,2,46,50,0,0,0,0,0,0,0,0,0,0,0,0,0,0,0,0,0,0,0,0,0,6.211,4.663,1,131.0,C,NCTL,ND,0
96,2023-wimbledon-1301,Carlos Alcaraz,Nicolas Jarry,1:12:37,2,5,97,1,0,1,3,40,AD,2,1,2,46,51,2,0,0,0,0,1,F,0,0,0,0,0,1,0,1,0,0,0,0,0,0,20.629,16.426,5,129.0,BW,NCTL,,0
97,2023-wimbledon-1301,Carlos Alcaraz,Nicolas Jarry,1:14:48,2,6,98,1,0,1,4,0,0,1,2,2,46,52,0,0,0,0,0,0,0,0,0,0,0,0,0,0,0,0,0,0,0,0,0,6.367,14.617,2,115.0,C,NCTL,ND,0
98,2023-wimbledon-1301,Carlos Alcaraz,Nicolas Jarry,1:15:27,2,6,99,1,0,1,4,0,15,1,1,1,47,52,0,0,0,0,0,0,0,0,0,0,0,0,0,0,0,0,0,0,0,0,0,4.716,6.076,1,109.0,C,NCTL,ND,0
99,2023-wimbledon-1301,Carlos Alcaraz,Nicolas Jarry,1:15:55,2,6,100,1,0,1,4,15,15,1,2,2,47,53,0,0,0,0,0,0,0,0,0,1,0,0,0,0,0,0,0,0,0,0,0,5.607,6.246,2,91.0,C,NCTL,ND,0
100,2023-wimbledon-1301,Carlos Alcaraz,Nicolas Jarry,1:16:53,2,6,101,1,0,1,4,15,30,1,1,1,48,53,0,0,0,0,0,0,0,0,0,0,0,0,0,0,0,0,0,0,0,0,0,2.576,4.202,1,126.0,W,NCTL,ND,0
101,2023-wimbledon-1301,Carlos Alcaraz,Nicolas Jarry,1:17:22,2,6,102,1,0,1,4,30,30,1,1,1,49,53,0,0,0,0,0,0,0,0,0,0,0,0,0,0,0,0,0,0,0,0,0,12.352,19.512,1,108.0,B,NCTL,D,0
102,2023-wimbledon-1301,Carlos Alcaraz,Nicolas Jarry,1:17:48,2,6,103,1,0,1,4,40,30,1,1,2,49,54,0,0,0,0,0,1,F,0,0,0,0,0,0,0,0,0,0,0,0,0,0,29.38,47.896,10,97.0,W,NCTL,D,0
103,2023-wimbledon-1301,Carlos Alcaraz,Nicolas Jarry,1:18:30,2,6,104,1,0,1,4,40,40,1,1,1,50,54,0,0,0,0,1,0,B,0,0,0,0,1,0,1,0,0,0,0,0,0,0,7.675,16.449,3,127.0,C,NCTL,,0
104,2023-wimbledon-1301,Carlos Alcaraz,Nicolas Jarry,1:19:01,2,6,105,1,0,1,4,AD,40,1,2,1,51,54,1,0,0,0,1,0,0,0,0,0,0,0,0,0,0,0,0,0,0,0,0,0.75,1.157,1,121.0,C,NCTL,,0
105,2023-wimbledon-1301,Carlos Alcaraz,Nicolas Jarry,1:19:57,2,7,106,1,0,2,4,0,0,2,1,1,52,54,0,0,0,0,0,0,0,0,0,0,1,0,0,0,0,0,0,0,0,0,0,17.854,13.776,4,118.0,BC,NCTL,D,0
106,2023-wimbledon-1301,Carlos Alcaraz,Nicolas Jarry,1:20:31,2,7,107,1,0,2,4,15,0,2,1,2,52,55,0,0,0,0,0,0,0,0,0,1,0,0,0,0,0,0,0,0,0,0,0,17.377,13.994,3,128.0,W,NCTL,D,0
107,2023-wimbledon-1301,Carlos Alcaraz,Nicolas Jarry,1:21:06,2,7,108,1,0,2,4,15,15,2,1,2,52,56,0,0,0,0,0,0,0,0,0,1,0,0,0,0,0,0,0,0,0,0,0,14.452,17.608,3,132.0,C,NCTL,D,0
108,2023-wimbledon-1301,Carlos Alcaraz,Nicolas Jarry,1:21:41,2,7,109,1,0,2,4,15,30,2,1,2,52,57,0,0,0,0,0,1,F,0,0,0,0,0,1,0,1,0,0,0,0,0,0,13.127,10.798,3,125.0,W,CTL,,0
109,2023-wimbledon-1301,Carlos Alcaraz,Nicolas Jarry,1:22:15,2,7,110,1,0,2,4,15,40,2,1,1,53,57,0,0,0,0,0,0,0,0,0,0,0,0,0,0,0,0,0,0,0,0,0,40.298,14.758,2,108.0,W,NCTL,ND,0
110,2023-wimbledon-1301,Carlos Alcaraz,Nicolas Jarry,1:22:46,2,7,111,1,0,2,4,30,40,2,2,1,54,57,0,0,0,0,0,0,0,0,0,0,1,0,1,0,0,0,0,0,0,0,0,50.075,39.635,8,98.0,BW,NCTL,ND,0
111,2023-wimbledon-1301,Carlos Alcaraz,Nicolas Jarry,1:23:58,2,7,112,1,0,2,4,40,40,2,2,1,55,57,0,0,0,0,0,0,0,0,0,0,1,0,0,0,0,0,0,0,0,0,0,33.142,28.309,8,115.0,BC,NCTL,D,0
112,2023-wimbledon-1301,Carlos Alcaraz,Nicolas Jarry,1:25:01,2,7,113,1,0,2,4,AD,40,2,1,2,55,58,0,0,0,0,0,0,0,0,0,0,0,0,0,0,0,1,0,0,0,1,0,11.436,5.977,1,120.0,C,CTL,ND,0
113,2023-wimbledon-1301,Carlos Alcaraz,Nicolas Jarry,1:25:32,2,7,114,1,0,2,4,40,40,2,1,2,55,59,0,0,0,0,0,1,F,0,0,0,0,0,1,0,1,0,0,0,0,0,0,32.537,26.376,7,130.0,C,NCTL,D,0
114,2023-wimbledon-1301,Carlos Alcaraz,Nicolas Jarry,1:26:17,2,7,115,1,0,2,4,40,AD,2,1,1,56,59,0,0,0,0,0,0,0,0,0,0,1,0,1,0,0,0,0,0,0,0,0,15.161,12.446,4,124.0,BW,NCTL,D,0
115,2023-wimbledon-1301,Carlos Alcaraz,Nicolas Jarry,1:26:59,2,7,116,1,0,2,4,40,40,2,2,1,57,59,0,0,0,0,0,0,0,0,0,0,0,0,1,0,0,0,0,0,0,0,0,26.033,22.001,6,113.0,B,CTL,ND,0
116,2023-wimbledon-1301,Carlos Alcaraz,Nicolas Jarry,1:28:28,2,7,117,1,0,2,4,AD,40,2,1,1,58,59,1,0,0,0,0,0,0,0,0,0,1,0,0,0,0,1,0,1,0,0,0,9.834,6.693,2,130.0,BW,NCTL,ND,0
117,2023-wimbledon-1301,Carlos Alcaraz,Nicolas Jarry,1:30:29,2,8,118,1,0,3,4,0,0,1,1,1,59,59,0,0,0,0,0,0,0,0,0,0,0,0,0,0,0,0,0,0,0,0,0,2.388,3.901,1,109.0,W,CTL,ND,0
118,2023-wimbledon-1301,Carlos Alcaraz,Nicolas Jarry,1:30:48,2,8,119,1,0,3,4,15,0,1,2,1,60,59,0,0,0,0,0,0,0,0,0,0,0,0,0,0,0,0,0,0,0,0,0,3.157,3.993,1,91.0,BW,NCTL,D,0
119,2023-wimbledon-1301,Carlos Alcaraz,Nicolas Jarry,1:31:21,2,8,120,1,0,3,4,30,0,1,2,1,61,59,0,0,0,0,0,0,0,0,0,0,1,0,1,0,0,0,0,0,0,0,0,9.182,15.422,3,100.0,B,NCTL,D,0
120,2023-wimbledon-1301,Carlos Alcaraz,Nicolas Jarry,1:31:59,2,8,121,1,0,3,4,40,0,1,1,1,62,59,1,0,0,0,1,0,F,0,0,0,0,0,0,0,0,0,0,0,0,0,0,9.346,12.581,3,113.0,C,CTL,ND,0
121,2023-wimbledon-1301,Carlos Alcaraz,Nicolas Jarry,1:32:45,2,9,122,1,0,4,4,0,0,2,1,1,63,59,0,0,0,0,0,0,0,0,0,0,0,0,0,0,0,0,0,0,0,0,0,8.636,7.568,2,130.0,BC,NCTL,D,0
122,2023-wimbledon-1301,Carlos Alcaraz,Nicolas Jarry,1:33:11,2,9,123,1,0,4,4,15,0,2,1,2,63,60,0,0,0,1,0,1,0,0,0,0,0,0,0,0,0,0,0,0,0,0,0,1.547,1.046,1,125.0,C,NCTL,,1
123,2023-wimbledon-1301,Carlos Alcaraz,Nicolas Jarry,1:33:37,2,9,124,1,0,4,4,15,15,2,2,2,63,61,0,0,0,0,0,0,0,0,0,0,0,0,0,0,0,0,0,0,0,0,0,4.077,3.731,1,106.0,C,NCTL,ND,0
124,2023-wimbledon-1301,Carlos Alcaraz,Nicolas Jarry,1:34:16,2,9,125,1,0,4,4,15,30,2,1,2,63,62,0,0,0,1,0,1,0,0,0,0,0,0,0,0,0,0,0,0,0,0,0,7.731,4.601,1,123.0,C,NCTL,D,1
125,2023-wimbledon-1301,Carlos Alcaraz,Nicolas Jarry,1:34:42,2,9,126,1,0,4,4,15,40,2,1,2,63,63,2,0,0,0,0,0,0,0,0,0,0,0,0,0,0,0,0,0,0,0,0,30.357,15.027,3,126.0,C,NCTL,D,0
126,2023-wimbledon-1301,Carlos Alcaraz,Nicolas Jarry,1:36:28,2,10,127,1,0,4,5,0,0,1,1,1,64,63,0,0,0,0,0,0,0,0,0,0,0,0,0,0,0,0,0,0,0,0,0,5.517,10.031,1,127.0,C,NCTL,D,0
127,2023-wimbledon-1301,Carlos Alcaraz,Nicolas Jarry,1:36:57,2,10,128,1,0,4,5,15,0,1,2,2,64,64,0,0,0,0,0,0,0,0,0,0,0,0,0,0,0,0,0,0,0,0,0,18.229,36.142,6,119.0,BC,NCTL,D,0
128,2023-wimbledon-1301,Carlos Alcaraz,Nicolas Jarry,1:38:01,2,10,129,1,0,4,5,15,15,1,2,1,65,64,0,0,0,0,0,0,0,0,0,0,1,0,0,0,0,0,0,0,0,0,0,2.83,3.42,1,91.0,C,NCTL,ND,0
129,2023-wimbledon-1301,Carlos Alcaraz,Nicolas Jarry,1:38:43,2,10,130,1,0,4,5,30,15,1,1,1,66,64,0,0,0,0,0,0,0,0,0,0,0,0,0,0,0,0,0,0,0,0,0,32.24,55.37,7,115.0,BC,NCTL,ND,0
130,2023-wimbledon-1301,Carlos Alcaraz,Nicolas Jarry,1:39:23,2,10,131,1,0,4,5,40,15,1,1,2,66,65,0,0,0,0,0,0,0,0,0,0,0,0,0,0,0,0,0,0,0,0,0,9.467,13.062,2,114.0,BW,NCTL,,0
131,2023-wimbledon-1301,Carlos Alcaraz,Nicolas Jarry,1:39:56,2,10,132,1,0,4,5,40,30,1,1,1,67,65,1,0,0,0,0,0,0,0,0,0,0,0,0,0,0,0,0,0,0,0,0,18.941,24.158,5,119.0,C,NCTL,ND,0
132,2023-wimbledon-1301,Carlos Alcaraz,Nicolas Jarry,1:40:44,2,11,133,1,0,5,5,0,0,2,1,2,67,66,0,0,0,1,0,1,0,0,0,0,0,0,0,0,0,0,0,0,0,0,0,1.087,0.648,1,111.0,W,CTL,,1
133,2023-wimbledon-1301,Carlos Alcaraz,Nicolas Jarry,1:41:10,2,11,134,1,0,5,5,0,15,2,1,2,67,67,0,0,0,0,0,0,0,0,0,0,0,0,0,0,0,0,0,0,0,0,0,7.276,4.743,1,132.0,B,CTL,D,0
134,2023-wimbledon-1301,Carlos Alcaraz,Nicolas Jarry,1:41:39,2,11,135,1,0,5,5,0,30,2,2,1,68,67,0,0,0,0,0,0,0,0,0,0,1,0,0,0,0,0,0,0,0,0,0,10.946,8.844,2,105.0,C,NCTL,D,0
135,2023-wimbledon-1301,Carlos Alcaraz,Nicolas Jarry,1:42:22,2,11,136,1,0,5,5,15,30,2,1,2,68,68,0,0,0,0,0,0,0,0,0,0,0,0,0,0,0,0,0,0,0,0,0,28.855,13.468,3,132.0,BW,CTL,ND,0
136,2023-wimbledon-1301,Carlos Alcaraz,Nicolas Jarry,1:43:15,2,11,137,1,0,5,5,15,40,2,2,2,68,69,2,0,0,0,0,0,0,0,0,0,0,0,0,0,0,0,0,0,0,0,0,4.713,5.199,1,100.0,BC,NCTL,D,0
137,2023-wimbledon-1301,Carlos Alcaraz,Nicolas Jarry,1:45:24,2,12,138,1,0,5,6,0,0,1,1,1,69,69,0,0,1,0,1,0,0,0,0,0,0,0,0,0,0,0,0,0,0,0,0,7.323,7.217,1,129.0,C,NCTL,D,1
138,2023-wimbledon-1301,Carlos Alcaraz,Nicolas Jarry,1:45:59,2,12,139,1,0,5,6,15,0,1,2,1,70,69,0,0,0,0,0,0,0,0,0,0,0,0,0,0,0,0,0,0,0,0,0,1.865,3.688,1,98.0,BW,NCTL,ND,0
139,2023-wimbledon-1301,Carlos Alcaraz,Nicolas Jarry,1:46:38,2,12,140,1,0,5,6,30,0,1,2,1,71,69,0,0,0,0,0,0,0,0,0,0,0,0,0,0,0,0,0,0,0,0,0,1.945,2.386,1,122.0,BC,NCTL,ND,0
140,2023-wimbledon-1301,Carlos Alcaraz,Nicolas Jarry,1:47:17,2,12,141,1,0,5,6,40,0,1,1,1,72,69,1,0,0,0,0,0,0,0,0,0,0,0,1,0,0,0,0,0,0,0,0,18.845,42.672,3,129.0,BC,NCTL,ND,0
141,2023-wimbledon-1301,Carlos Alcaraz,Nicolas Jarry,1:48:12,2,13,142,1,0,6,6,0,0,2,1,2,72,70,0,0,0,0,0,0,0,0,0,0,0,0,0,0,0,0,0,0,0,0,0,68.799,52.441,15,128.0,C,NCTL,ND,0
142,2023-wimbledon-1301,Carlos Alcaraz,Nicolas Jarry,1:49:11,2,13,143,1,0,6,6,0,1,1,1,1,73,70,0,0,0,0,0,0,0,0,0,0,0,0,0,0,0,0,0,0,0,0,0,5.871,5.357,1,127.0,B,NCTL,D,0
143,2023-wimbledon-1301,Carlos Alcaraz,Nicolas Jarry,1:49:37,2,13,144,1,0,6,6,1,1,1,2,1,74,70,0,0,0,0,0,0,0,0,0,0,0,0,0,0,0,0,0,0,0,0,0,51.185,46.792,13,100.0,BC,NCTL,ND,0
144,2023-wimbledon-1301,Carlos Alcaraz,Nicolas Jarry,1:51:32,2,13,145,1,0,6,6,2,1,2,1,2,74,71,0,0,0,0,0,1,0,0,0,0,0,0,0,0,0,0,0,0,0,0,0,9.273,6.262,1,128.0,W,CTL,ND,0
145,2023-wimbledon-1301,Carlos Alcaraz,Nicolas Jarry,1:52:03,2,13,146,1,0,6,6,2,2,2,1,2,74,72,0,0,0,1,0,1,0,0,0,0,0,0,0,0,0,0,0,0,0,0,0,4.948,4.836,1,130.0,C,CTL,,1
146,2023-wimbledon-1301,Carlos Alcaraz,Nicolas Jarry,1:52:41,2,13,147,1,0,6,6,2,3,1,1,1,75,72,0,0,0,0,0,0,0,0,0,0,0,1,0,1,0,0,0,0,0,0,0,24.001,22.749,5,119.0,BC,NCTL,ND,0
147,2023-wimbledon-1301,Carlos Alcaraz,Nicolas Jarry,1:53:43,2,13,148,1,0,6,6,3,3,1,1,1,76,72,0,0,0,0,0,0,0,0,0,0,0,0,0,0,0,0,0,0,0,0,0,4.91,8.583,1,111.0,W,CTL,D,0
148,2023-wimbledon-1301,Carlos Alcaraz,Nicolas Jarry,1:54:25,2,13,149,1,0,6,6,4,3,2,1,2,76,73,0,0,0,0,0,0,0,0,0,0,0,0,0,0,0,0,0,0,0,0,0,10.121,8.641,1,127.0,B,NCTL,D,0
149,2023-wimbledon-1301,Carlos Alcaraz,Nicolas Jarry,1:54:57,2,13,150,1,0,6,6,4,4,2,2,2,76,74,0,0,0,0,0,0,0,0,0,1,0,0,0,0,0,0,0,0,0,0,0,12.105,12.593,3,104.0,B,NCTL,D,0
150,2023-wimbledon-1301,Carlos Alcaraz,Nicolas Jarry,1:55:53,2,13,151,1,0,6,6,4,5,1,1,1,77,74,0,0,0,0,1,0,F,0,0,0,0,0,1,0,0,0,0,0,0,0,0,19.083,27.636,5,130.0,B,CTL,ND,0
151,2023-wimbledon-1301,Carlos Alcaraz,Nicolas Jarry,1:56:32,2,13,152,1,0,6,6,5,5,1,1,1,78,74,0,0,0,0,1,0,F,0,0,0,0,1,0,1,0,0,0,0,0,0,0,4.877,7.639,3,129.0,BC,CTL,ND,0
152,2023-wimbledon-1301,Carlos Alcaraz,Nicolas Jarry,1:57:11,2,13,153,1,0,6,6,6,5,2,1,2,78,75,0,0,0,0,0,0,0,0,0,0,0,0,1,0,1,0,0,0,0,0,0,20.076,14.846,3,129.0,W,CTL,,0
153,2023-wimbledon-1301,Carlos Alcaraz,Nicolas Jarry,1:58:25,2,13,154,1,0,6,6,6,6,2,1,2,78,76,0,0,0,0,0,0,0,0,0,0,0,0,0,0,0,0,0,0,0,0,0,5.514,4.409,1,128.0,C,NCTL,ND,0
154,2023-wimbledon-1301,Carlos Alcaraz,Nicolas Jarry,1:59:04,2,13,155,1,0,6,6,6,7,1,1,2,78,77,2,2,0,0,0,0,0,0,0,0,0,0,0,0,0,0,0,0,0,0,0,28.777,19.769,4,122.0,BC,NCTL,ND,0
155,2023-wimbledon-1301,Carlos Alcaraz,Nicolas Jarry,2:04:05,3,1,156,1,1,0,0,0,0,1,2,1,79,77,0,0,0,0,0,0,0,0,0,0,1,0,0,0,0,0,0,0,0,0,0,26.561,47.51,7,96.0,B,CTL,D,0
156,2023-wimbledon-1301,Carlos Alcaraz,Nicolas Jarry,2:04:50,3,1,157,1,1,0,0,15,0,1,2,2,79,78,0,0,0,0,0,0,0,0,0,0,0,0,1,0,1,0,0,0,0,0,0,17.347,25.367,4,96.0,B,NCTL,ND,0
157,2023-wimbledon-1301,Carlos Alcaraz,Nicolas Jarry,2:05:38,3,1,158,1,1,0,0,15,15,1,2,1,80,78,0,0,0,0,0,0,0,0,0,0,0,0,0,0,0,0,0,0,0,0,0,3.959,3.97,1,126.0,C,CTL,ND,0
158,2023-wimbledon-1301,Carlos Alcaraz,Nicolas Jarry,2:06:20,3,1,159,1,1,0,0,30,15,1,2,2,80,79,0,0,0,0,0,0,0,1,0,1,0,0,0,0,0,0,0,0,0,0,0,5.45,6.694,0,,B,CTL,ND,0
159,2023-wimbledon-1301,Carlos Alcaraz,Nicolas Jarry,2:07:02,3,1,160,1,1,0,0,30,30,1,1,1,81,79,0,0,0,0,0,0,0,0,0,0,0,0,0,0,0,0,0,0,0,0,0,4.131,5.861,1,113.0,W,CTL,D,0
160,2023-wimbledon-1301,Carlos Alcaraz,Nicolas Jarry,2:07:27,3,1,161,1,1,0,0,40,30,1,1,1,82,79,1,0,0,0,0,0,0,0,0,0,0,0,0,0,0,0,0,0,0,0,0,6.968,15.75,1,113.0,C,NCTL,ND,0
161,2023-wimbledon-1301,Carlos Alcaraz,Nicolas Jarry,2:08:41,3,2,162,1,1,1,0,0,0,2,1,1,83,79,0,0,0,0,0,0,0,0,0,0,0,1,0,1,0,0,0,0,0,0,0,33.675,33.494,8,126.0,C,NCTL,ND,0
162,2023-wimbledon-1301,Carlos Alcaraz,Nicolas Jarry,2:09:28,3,2,163,1,1,1,0,15,0,2,1,2,83,80,0,0,0,0,0,0,0,0,0,0,0,0,1,0,1,0,0,0,0,0,0,9.172,6.57,1,130.0,W,NCTL,ND,0
163,2023-wimbledon-1301,Carlos Alcaraz,Nicolas Jarry,2:10:00,3,2,164,1,1,1,0,15,15,2,2,2,83,81,0,0,0,0,0,1,B,0,0,0,0,0,0,0,0,0,0,0,0,0,0,52.816,20.502,3,109.0,B,NCTL,ND,0
164,2023-wimbledon-1301,Carlos Alcaraz,Nicolas Jarry,2:10:55,3,2,165,1,1,1,0,15,30,2,1,1,84,81,0,0,0,0,0,0,0,0,0,0,0,0,0,0,0,0,0,0,0,0,0,9.47,6.624,2,128.0,BW,NCTL,D,0
165,2023-wimbledon-1301,Carlos Alcaraz,Nicolas Jarry,2:11:35,3,2,166,1,1,1,0,30,30,2,1,1,85,81,0,0,0,0,0,0,0,0,0,0,1,0,1,0,0,0,0,0,0,0,0,17.922,14.558,4,130.0,C,NCTL,ND,0
166,2023-wimbledon-1301,Carlos Alcaraz,Nicolas Jarry,2:12:15,3,2,167,1,1,1,0,40,30,2,1,2,85,82,0,0,0,0,0,1,F,0,0,0,0,0,1,0,1,1,0,0,0,1,0,11.452,10.886,3,127.0,W,CTL,,0
167,2023-wimbledon-1301,Carlos Alcaraz,Nicolas Jarry,2:12:53,3,2,168,1,1,1,0,40,40,2,2,1,86,82,0,0,0,0,0,0,0,0,0,0,1,0,0,0,0,0,0,0,0,0,0,8.123,6.082,2,114.0,BW,NCTL,ND,0
168,2023-wimbledon-1301,Carlos Alcaraz,Nicolas Jarry,2:13:38,3,2,169,1,1,1,0,AD,40,2,1,2,86,83,0,0,0,0,0,0,0,0,0,0,0,0,0,0,0,1,0,0,0,1,0,27.335,7.822,1,130.0,W,CTL,ND,0
169,2023-wimbledon-1301,Carlos Alcaraz,Nicolas Jarry,2:14:08,3,2,170,1,1,1,0,40,40,2,1,2,86,84,0,0,0,0,0,1,F,0,0,0,0,0,0,0,0,0,0,0,0,0,0,10.23,7.241,3,118.0,BW,NCTL,ND,0
170,2023-wimbledon-1301,Carlos Alcaraz,Nicolas Jarry,2:14:53,3,2,171,1,1,1,0,40,AD,2,2,1,87,84,0,0,0,0,0,0,0,0,1,0,1,0,0,0,0,0,0,0,0,0,0,11.861,6.606,0,,B,CTL,,0
171,2023-wimbledon-1301,Carlos Alcaraz,Nicolas Jarry,2:15:48,3,2,172,1,1,1,0,40,40,2,1,2,87,85,0,0,0,0,0,0,0,0,0,0,0,0,0,0,0,0,0,0,0,0,0,6.797,3.806,1,129.0,C,CTL,ND,0
172,2023-wimbledon-1301,Carlos Alcaraz,Nicolas Jarry,2:16:15,3,2,173,1,1,1,0,40,AD,2,1,2,87,86,2,0,0,0,0,1,F,0,0,0,0,0,1,0,1,0,0,0,0,0,0,16.698,14.275,5,128.0,W,NCTL,ND,0
173,2023-wimbledon-1301,Carlos Alcaraz,Nicolas Jarry,2:16:58,3,3,174,1,1,1,1,0,0,1,2,1,88,86,0,0,0,0,1,0,F,0,0,0,0,0,0,0,0,0,0,0,0,0,0,22.725,30.75,7,92.0,C,NCTL,ND,0
174,2023-wimbledon-1301,Carlos Alcaraz,Nicolas Jarry,2:17:46,3,3,175,1,1,1,1,15,0,1,1,1,89,86,0,0,0,0,1,0,F,0,0,0,0,0,0,0,0,0,0,0,0,0,0,10.8,19.121,3,114.0,C,NCTL,ND,0
175,2023-wimbledon-1301,Carlos Alcaraz,Nicolas Jarry,2:18:16,3,3,176,1,1,1,1,30,0,1,1,2,89,87,0,0,0,0,0,1,F,0,0,0,0,0,0,0,0,0,0,0,0,0,0,28.877,32.934,6,127.0,C,NCTL,D,0
176,2023-wimbledon-1301,Carlos Alcaraz,Nicolas Jarry,2:18:53,3,3,177,1,1,1,1,30,15,1,2,2,89,88,0,0,0,0,0,0,0,0,0,1,0,0,0,0,0,0,0,0,0,0,0,16.725,14.741,4,95.0,BW,CTL,ND,0
177,2023-wimbledon-1301,Carlos Alcaraz,Nicolas Jarry,2:19:39,3,3,178,1,1,1,1,30,30,1,2,1,90,88,0,0,0,0,0,0,0,0,0,0,1,0,0,0,0,0,0,0,0,0,0,11.081,11.092,3,104.0,BC,NCTL,D,0
178,2023-wimbledon-1301,Carlos Alcaraz,Nicolas Jarry,2:20:27,3,3,179,1,1,1,1,40,30,1,1,1,91,88,1,0,1,0,1,0,0,0,0,0,0,0,0,0,0,0,0,0,0,0,0,7.905,24.521,1,122.0,W,CTL,D,1
179,2023-wimbledon-1301,Carlos Alcaraz,Nicolas Jarry,2:22:46,3,4,180,1,1,2,1,0,0,2,2,1,92,88,0,0,0,0,0,0,0,0,0,0,1,0,1,0,0,0,0,0,0,0,0,9.981,13.467,2,108.0,B,NCTL,ND,0
180,2023-wimbledon-1301,Carlos Alcaraz,Nicolas Jarry,2:23:36,3,4,181,1,1,2,1,15,0,2,1,1,93,88,0,0,0,0,1,0,F,0,0,0,0,0,1,0,0,0,0,0,0,0,0,27.698,24.671,6,129.0,BW,CTL,D,0
181,2023-wimbledon-1301,Carlos Alcaraz,Nicolas Jarry,2:24:21,3,4,182,1,1,2,1,30,0,2,2,2,93,89,0,0,0,0,0,0,0,0,0,1,0,0,0,0,0,0,0,0,0,0,0,20.258,11.909,3,106.0,B,CTL,D,0
182,2023-wimbledon-1301,Carlos Alcaraz,Nicolas Jarry,2:25:30,3,4,183,1,1,2,1,30,15,2,1,1,94,89,0,0,0,0,0,0,0,0,0,0,1,0,0,0,0,0,0,0,0,0,0,12.132,7.399,2,127.0,BW,NCTL,D,0
183,2023-wimbledon-1301,Carlos Alcaraz,Nicolas Jarry,2:25:59,3,4,184,1,1,2,1,40,15,2,1,1,95,89,1,0,0,0,0,0,0,0,0,0,0,0,0,0,0,1,0,1,0,0,0,25.215,21.594,6,133.0,C,NCTL,ND,0
184,2023-wimbledon-1301,Carlos Alcaraz,Nicolas Jarry,2:26:45,3,5,185,1,1,3,1,0,0,1,1,1,96,89,0,0,1,0,1,0,0,0,0,0,0,0,0,0,0,0,0,0,0,0,0,0.585,0.853,1,130.0,C,NCTL,,1
185,2023-wimbledon-1301,Carlos Alcaraz,Nicolas Jarry,2:27:09,3,5,186,1,1,3,1,15,0,1,1,1,97,89,0,0,0,0,1,0,0,0,0,0,0,0,0,0,0,0,0,0,0,0,0,1.91,3.696,1,127.0,W,CTL,D,0
186,2023-wimbledon-1301,Carlos Alcaraz,Nicolas Jarry,2:27:35,3,5,187,1,1,3,1,30,0,1,2,1,98,89,0,0,0,0,0,0,0,0,0,0,1,0,0,0,0,0,0,0,0,0,0,26.138,27.732,9,103.0,BC,NCTL,ND,0
187,2023-wimbledon-1301,Carlos Alcaraz,Nicolas Jarry,2:28:21,3,5,188,1,1,3,1,40,0,1,2,2,98,90,0,0,0,0,0,0,0,1,0,1,0,0,0,0,0,0,0,0,0,0,0,1.076,1.74,0,,W,CTL,,0
188,2023-wimbledon-1301,Carlos Alcaraz,Nicolas Jarry,2:28:59,3,5,189,1,1,3,1,40,15,1,1,1,99,90,1,0,1,0,1,0,0,0,0,0,0,0,0,0,0,0,0,0,0,0,0,0.778,1.077,1,107.0,W,CTL,,1
189,2023-wimbledon-1301,Carlos Alcaraz,Nicolas Jarry,2:31:03,3,6,190,1,1,4,1,0,0,2,2,1,100,90,0,0,0,0,0,0,0,0,0,0,1,0,0,0,0,0,0,0,0,0,0,17.965,15.911,4,110.0,C,NCTL,ND,0
190,2023-wimbledon-1301,Carlos Alcaraz,Nicolas Jarry,2:32:01,3,6,191,1,1,4,1,15,0,2,1,2,100,91,0,0,0,0,0,1,0,0,0,0,0,0,0,0,0,0,0,0,0,0,0,1.075,0.785,1,121.0,C,NCTL,,0
191,2023-wimbledon-1301,Carlos Alcaraz,Nicolas Jarry,2:32:24,3,6,192,1,1,4,1,15,15,2,2,2,100,92,0,0,0,0,0,0,0,0,0,0,0,0,0,0,0,0,0,0,0,0,0,4.072,3.528,1,107.0,W,NCTL,D,0
192,2023-wimbledon-1301,Carlos Alcaraz,Nicolas Jarry,2:33:01,3,6,193,1,1,4,1,15,30,2,2,1,101,92,0,0,0,0,0,0,0,0,0,0,0,1,0,1,0,0,0,0,0,0,0,15.125,18.237,2,105.0,BW,NCTL,D,0
193,2023-wimbledon-1301,Carlos Alcaraz,Nicolas Jarry,2:34:04,3,6,194,1,1,4,1,30,30,2,2,2,101,93,0,0,0,0,0,1,F,0,0,0,0,0,0,0,0,0,0,0,0,0,0,8.346,8.608,3,111.0,BC,NCTL,ND,0
194,2023-wimbledon-1301,Carlos Alcaraz,Nicolas Jarry,2:34:46,3,6,195,1,1,4,1,30,40,2,1,2,101,94,2,0,0,0,0,0,0,0,0,0,0,0,1,0,1,0,0,0,0,0,0,11.882,6.858,1,132.0,W,NCTL,ND,0
195,2023-wimbledon-1301,Carlos Alcaraz,Nicolas Jarry,2:35:22,3,7,196,1,1,4,2,0,0,1,1,1,102,94,0,0,0,0,1,0,0,0,0,0,0,0,0,0,0,0,0,0,0,0,0,3.652,5.284,1,107.0,W,NCTL,ND,0
196,2023-wimbledon-1301,Carlos Alcaraz,Nicolas Jarry,2:35:46,3,7,197,1,1,4,2,15,0,1,1,1,103,94,0,0,0,0,0,0,0,0,0,0,0,0,0,0,0,0,0,0,0,0,0,13.487,15.647,3,117.0,W,CTL,ND,0
197,2023-wimbledon-1301,Carlos Alcaraz,Nicolas Jarry,2:36:15,3,7,198,1,1,4,2,30,0,1,2,1,104,94,0,0,0,0,0,0,0,0,0,0,1,0,0,0,0,0,0,0,0,0,0,14.958,15.843,3,90.0,BC,NCTL,ND,0
198,2023-wimbledon-1301,Carlos Alcaraz,Nicolas Jarry,2:36:54,3,7,199,1,1,4,2,40,0,1,1,1,105,94,1,0,1,0,1,0,0,0,0,0,0,0,0,0,0,0,0,0,0,0,0,0.778,0.859,1,109.0,W,CTL,,1
199,2023-wimbledon-1301,Carlos Alcaraz,Nicolas Jarry,2:38:49,3,8,200,1,1,5,2,0,0,2,1,2,105,95,0,0,0,0,0,0,0,0,0,0,0,0,0,0,0,0,0,0,0,0,0,6.718,4.45,1,126.0,C,NCTL,D,0
200,2023-wimbledon-1301,Carlos Alcaraz,Nicolas Jarry,2:39:09,3,8,201,1,1,5,2,0,15,2,1,1,106,95,0,0,0,0,0,0,0,0,0,0,1,0,0,0,0,0,0,0,0,0,0,7.631,6.643,2,116.0,BC,NCTL,ND,0
201,2023-wimbledon-1301,Carlos Alcaraz,Nicolas Jarry,2:39:39,3,8,202,1,1,5,2,15,15,2,1,2,106,96,0,0,0,0,0,0,0,0,0,0,0,0,1,0,1,0,0,0,0,0,0,70.044,52.444,9,116.0,BW,NCTL,ND,0
202,2023-wimbledon-1301,Carlos Alcaraz,Nicolas Jarry,2:40:34,3,8,203,1,1,5,2,15,30,2,1,1,107,96,0,0,0,0,1,0,B,0,0,0,0,0,0,0,0,0,0,0,0,0,0,42.94,42.683,10,127.0,BW,NCTL,ND,0
203,2023-wimbledon-1301,Carlos Alcaraz,Nicolas Jarry,2:41:28,3,8,204,1,1,5,2,30,30,2,1,1,108,96,0,0,0,0,0,0,0,0,0,0,1,0,0,0,0,0,0,0,0,0,0,21.835,17.538,4,114.0,BW,NCTL,D,0
204,2023-wimbledon-1301,Carlos Alcaraz,Nicolas Jarry,2:42:07,3,8,205,1,1,5,2,40,30,2,1,2,108,97,0,0,0,1,0,1,0,0,0,0,0,0,0,0,0,1,0,0,0,1,0,0.729,0.772,1,127.0,W,CTL,,1
205,2023-wimbledon-1301,Carlos Alcaraz,Nicolas Jarry,2:42:35,3,8,206,1,1,5,2,40,40,2,1,2,108,98,0,0,0,1,0,1,0,0,0,0,0,0,0,0,0,0,0,0,0,0,0,1.617,0.719,1,114.0,W,CTL,,1
206,2023-wimbledon-1301,Carlos Alcaraz,Nicolas Jarry,2:43:02,3,8,207,1,1,5,2,40,AD,2,1,2,108,99,2,0,0,1,0,1,0,0,0,0,0,0,0,0,0,0,0,0,0,0,0,1.136,0.73,1,124.0,C,NCTL,,1
207,2023-wimbledon-1301,Carlos Alcaraz,Nicolas Jarry,2:43:47,3,9,208,1,1,5,3,0,0,1,2,1,109,99,0,0,0,0,0,0,0,0,0,0,0,0,0,0,0,0,0,0,0,0,0,7.308,36.062,1,97.0,C,CTL,ND,0
208,2023-wimbledon-1301,Carlos Alcaraz,Nicolas Jarry,2:44:30,3,9,209,1,1,5,3,15,0,1,1,1,110,99,0,0,0,0,1,0,F,0,0,0,0,1,0,1,0,0,0,0,0,0,0,12.63,22.045,3,109.0,C,NCTL,,0
209,2023-wimbledon-1301,Carlos Alcaraz,Nicolas Jarry,2:45:05,3,9,210,1,1,5,3,30,0,1,2,1,111,99,0,0,0,0,0,0,0,0,0,0,1,0,0,0,0,0,0,0,0,0,0,4.239,3.606,1,95.0,BC,NCTL,D,0
210,2023-wimbledon-1301,Carlos Alcaraz,Nicolas Jarry,2:45:58,3,9,211,1,1,5,3,40,0,1,1,2,111,100,0,0,0,0,0,0,0,0,0,1,0,1,0,0,0,0,0,0,0,0,0,8.358,15.575,2,112.0,C,NCTL,ND,0
211,2023-wimbledon-1301,Carlos Alcaraz,Nicolas Jarry,2:46:29,3,9,212,1,1,5,3,40,15,1,1,1,112,100,1,1,0,0,0,0,0,0,0,0,0,0,0,0,0,0,0,0,0,0,0,11.526,13.833,1,128.0,C,NCTL,D,0
212,2023-wimbledon-1301,Carlos Alcaraz,Nicolas Jarry,2:49:17,4,1,213,2,1,0,0,0,0,2,2,1,113,100,0,0,0,0,0,0,0,0,0,0,1,0,1,0,0,0,0,0,0,0,0,32.923,14.93,4,110.0,BW,CTL,ND,0
213,2023-wimbledon-1301,Carlos Alcaraz,Nicolas Jarry,2:50:03,4,1,214,2,1,0,0,15,0,2,2,2,113,101,0,0,0,0,0,0,0,0,0,0,0,0,0,0,0,0,0,0,0,0,0,16.843,16.987,3,98.0,BW,NCTL,D,0
214,2023-wimbledon-1301,Carlos Alcaraz,Nicolas Jarry,2:50:48,4,1,215,2,1,0,0,15,15,2,1,2,113,102,0,0,0,0,0,0,0,0,0,0,0,0,0,0,0,0,0,0,0,0,0,8.902,6.893,1,109.0,W,CTL,,0
215,2023-wimbledon-1301,Carlos Alcaraz,Nicolas Jarry,2:51:12,4,1,216,2,1,0,0,15,30,2,1,2,113,103,0,0,0,0,0,0,0,0,0,0,0,0,1,0,1,0,0,0,0,0,0,7.188,8.153,1,128.0,W,CTL,D,0
216,2023-wimbledon-1301,Carlos Alcaraz,Nicolas Jarry,2:51:40,4,1,217,2,1,0,0,15,40,2,1,2,113,104,2,0,0,0,0,1,0,0,0,0,0,0,0,0,0,0,0,0,0,0,0,1.203,0.911,1,129.0,C,NCTL,,0
217,2023-wimbledon-1301,Carlos Alcaraz,Nicolas Jarry,2:52:35,4,2,218,2,1,0,1,0,0,1,1,1,114,104,0,0,0,0,0,0,0,0,0,0,0,0,0,0,0,0,0,0,0,0,0,25.195,30.651,7,121.0,C,NCTL,ND,0
218,2023-wimbledon-1301,Carlos Alcaraz,Nicolas Jarry,2:53:10,4,2,219,2,1,0,1,15,0,1,2,2,114,105,0,0,0,0,0,0,0,1,0,1,0,0,0,0,0,0,0,0,0,0,0,1.544,2.202,0,,BW,CTL,,0
219,2023-wimbledon-1301,Carlos Alcaraz,Nicolas Jarry,2:54:03,4,2,220,2,1,0,1,15,15,1,1,2,114,106,0,0,0,0,0,0,0,0,0,1,0,0,0,0,0,0,0,0,0,0,0,12.946,29.134,2,126.0,BC,CTL,ND,0
220,2023-wimbledon-1301,Carlos Alcaraz,Nicolas Jarry,2:54:43,4,2,221,2,1,0,1,15,30,1,1,1,115,106,0,0,0,0,0,0,0,0,0,0,0,0,0,0,0,0,0,0,0,0,0,4.202,7.353,1,117.0,C,NCTL,ND,0
221,2023-wimbledon-1301,Carlos Alcaraz,Nicolas Jarry,2:55:10,4,2,222,2,1,0,1,30,30,1,2,2,115,107,0,0,0,0,0,0,0,1,0,1,0,0,0,0,0,0,0,0,0,0,0,5.061,5.626,0,,C,CTL,ND,0
222,2023-wimbledon-1301,Carlos Alcaraz,Nicolas Jarry,2:55:53,4,2,223,2,1,0,1,30,40,1,2,2,115,108,2,0,0,0,0,0,0,0,0,0,0,0,0,0,0,0,1,0,1,0,0,40.04,44.105,10,93.0,BW,NCTL,ND,0
223,2023-wimbledon-1301,Carlos Alcaraz,Nicolas Jarry,2:57:09,4,3,224,2,1,0,2,0,0,2,1,2,115,109,0,0,0,0,0,0,0,0,0,0,0,0,1,0,1,0,0,0,0,0,0,15.329,13.638,3,124.0,BC,NCTL,,0
224,2023-wimbledon-1301,Carlos Alcaraz,Nicolas Jarry,2:57:46,4,3,225,2,1,0,2,0,15,2,2,1,116,109,0,0,0,0,0,0,0,0,0,0,0,0,0,0,0,0,0,0,0,0,0,6.648,6.862,2,113.0,C,NCTL,ND,0
225,2023-wimbledon-1301,Carlos Alcaraz,Nicolas Jarry,2:58:32,4,3,226,2,1,0,2,15,15,2,1,2,116,110,0,0,0,0,0,0,0,0,0,0,0,0,1,0,1,0,0,0,0,0,0,18.285,13.035,3,112.0,W,NCTL,ND,0
226,2023-wimbledon-1301,Carlos Alcaraz,Nicolas Jarry,2:59:15,4,3,227,2,1,0,2,15,30,2,1,2,116,111,0,0,0,0,0,1,F,0,0,0,0,0,1,0,1,0,0,0,0,0,0,15.033,14.679,3,129.0,B,NCTL,ND,0
227,2023-wimbledon-1301,Carlos Alcaraz,Nicolas Jarry,2:59:48,4,3,228,2,1,0,2,15,40,2,1,1,117,111,0,0,0,0,1,0,F,0,0,0,0,1,0,1,0,0,0,0,0,0,0,51.154,40.057,8,113.0,W,CTL,D,0
228,2023-wimbledon-1301,Carlos Alcaraz,Nicolas Jarry,3:00:40,4,3,229,2,1,0,2,30,40,2,2,1,118,111,0,0,0,0,0,0,0,0,0,0,1,0,0,0,0,0,0,0,0,0,0,37.839,42.274,10,108.0,C,NCTL,D,0
229,2023-wimbledon-1301,Carlos Alcaraz,Nicolas Jarry,3:01:47,4,3,230,2,1,0,2,40,40,2,1,1,119,111,0,0,0,0,0,0,0,0,0,0,0,0,0,0,0,0,0,0,0,0,0,22.348,25.995,4,117.0,BW,NCTL,D,0
230,2023-wimbledon-1301,Carlos Alcaraz,Nicolas Jarry,3:02:25,4,3,231,2,1,0,2,AD,40,2,1,2,119,112,0,0,0,0,0,1,F,0,0,0,0,0,1,0,1,1,0,0,0,1,0,20.832,18.923,5,131.0,W,CTL,,0
231,2023-wimbledon-1301,Carlos Alcaraz,Nicolas Jarry,3:03:27,4,3,232,2,1,0,2,40,40,2,1,2,119,113,0,0,0,0,0,0,0,0,0,0,0,0,1,0,1,0,0,0,0,0,0,18.666,20.844,3,127.0,C,NCTL,ND,0
232,2023-wimbledon-1301,Carlos Alcaraz,Nicolas Jarry,3:04:06,4,3,233,2,1,0,2,40,AD,2,1,1,120,113,0,0,0,0,1,0,B,0,0,0,0,0,1,0,0,0,0,0,0,0,0,17.768,17.486,4,119.0,C,NCTL,ND,0
233,2023-wimbledon-1301,Carlos Alcaraz,Nicolas Jarry,3:05:04,4,3,234,2,1,0,2,40,40,2,1,2,120,114,0,0,0,0,0,1,F,0,0,0,0,0,0,0,0,0,0,0,0,0,0,16.272,4.794,3,,C,NCTL,ND,0
234,2023-wimbledon-1301,Carlos Alcaraz,Nicolas Jarry,3:05:36,4,3,235,2,1,0,2,40,AD,2,1,1,121,114,0,0,0,0,1,0,F,0,0,0,0,0,1,0,0,0,0,0,0,0,0,19.741,11.995,4,129.0,W,CTL,ND,0
235,2023-wimbledon-1301,Carlos Alcaraz,Nicolas Jarry,3:06:16,4,3,236,2,1,0,2,40,40,2,2,1,122,114,0,0,0,0,0,0,0,0,0,0,1,0,1,0,0,0,0,0,0,0,0,16.566,12.049,4,105.0,BC,NCTL,ND,0
236,2023-wimbledon-1301,Carlos Alcaraz,Nicolas Jarry,3:07:09,4,3,237,2,1,0,2,AD,40,2,1,2,122,115,0,0,0,1,0,1,0,0,0,0,0,0,0,0,0,1,0,0,0,1,0,1.015,0.741,1,121.0,C,CTL,,1
237,2023-wimbledon-1301,Carlos Alcaraz,Nicolas Jarry,3:07:38,4,3,238,2,1,0,2,40,40,2,2,2,122,116,0,0,0,0,0,1,F,0,0,0,0,0,1,0,1,0,0,0,0,0,0,34.6,48.407,7,110.0,B,NCTL,ND,0
238,2023-wimbledon-1301,Carlos Alcaraz,Nicolas Jarry,3:09:02,4,3,239,2,1,0,2,40,AD,2,1,1,123,116,0,0,0,0,0,0,0,0,0,0,0,0,0,0,0,0,0,0,0,0,0,30.164,23.903,6,128.0,BW,NCTL,ND,0
239,2023-wimbledon-1301,Carlos Alcaraz,Nicolas Jarry,3:09:55,4,3,240,2,1,0,2,40,40,2,1,2,123,117,0,0,0,0,0,0,0,0,0,0,0,0,0,0,0,0,0,0,0,0,0,11.716,8.067,1,114.0,W,NCTL,D,0
240,2023-wimbledon-1301,Carlos Alcaraz,Nicolas Jarry,3:10:27,4,3,241,2,1,0,2,40,AD,2,1,2,123,118,2,0,0,0,0,0,0,0,0,0,0,0,0,0,0,0,0,0,0,0,0,11.645,8.043,1,119.0,C,NCTL,D,0
241,2023-wimbledon-1301,Carlos Alcaraz,Nicolas Jarry,3:12:34,4,4,242,2,1,0,3,0,0,1,1,1,124,118,0,0,0,0,0,0,0,0,0,0,0,0,0,0,0,0,0,0,0,0,0,5.839,7.128,1,129.0,BC,CTL,ND,0
242,2023-wimbledon-1301,Carlos Alcaraz,Nicolas Jarry,3:12:51,4,4,243,2,1,0,3,15,0,1,1,2,124,119,0,0,0,0,0,0,0,0,0,1,0,0,0,0,0,0,0,0,0,0,0,5.707,6.699,2,117.0,BC,NCTL,ND,0
243,2023-wimbledon-1301,Carlos Alcaraz,Nicolas Jarry,3:13:12,4,4,244,2,1,0,3,15,15,1,2,2,124,120,0,0,0,0,0,0,0,1,0,1,0,0,0,0,0,0,0,0,0,0,0,1.518,3.162,0,,C,CTL,,0
244,2023-wimbledon-1301,Carlos Alcaraz,Nicolas Jarry,3:13:47,4,4,245,2,1,0,3,15,30,1,1,2,124,121,0,0,0,0,0,0,0,0,0,0,0,0,0,0,0,0,0,0,0,0,0,10.416,9.26,2,112.0,C,NCTL,D,0
245,2023-wimbledon-1301,Carlos Alcaraz,Nicolas Jarry,3:14:07,4,4,246,2,1,0,3,15,40,1,2,1,125,121,0,0,0,0,0,0,0,0,0,0,0,0,0,0,0,0,1,0,0,0,1,6.55,8.454,1,126.0,BC,NCTL,ND,0
246,2023-wimbledon-1301,Carlos Alcaraz,Nicolas Jarry,3:14:44,4,4,247,2,1,0,3,30,40,1,1,1,126,121,0,0,0,0,0,0,0,0,0,0,0,1,0,1,0,0,1,0,0,0,1,18.155,25.921,3,110.0,W,CTL,,0
247,2023-wimbledon-1301,Carlos Alcaraz,Nicolas Jarry,3:15:12,4,4,248,2,1,0,3,40,40,1,2,1,127,121,0,0,0,0,1,0,F,0,0,0,0,1,0,1,0,0,0,0,0,0,0,9.226,9.783,3,111.0,W,NCTL,,0
248,2023-wimbledon-1301,Carlos Alcaraz,Nicolas Jarry,3:15:53,4,4,249,2,1,0,3,AD,40,1,2,1,128,121,1,0,0,0,0,0,0,0,0,0,1,0,0,0,0,0,0,0,0,0,0,23.988,22.561,7,90.0,B,NCTL,ND,0
249,2023-wimbledon-1301,Carlos Alcaraz,Nicolas Jarry,3:16:58,4,5,250,2,1,1,3,0,0,2,1,2,128,122,0,0,0,0,0,0,0,0,0,0,0,0,0,0,0,0,0,0,0,0,0,14.05,8.179,1,113.0,W,CTL,ND,0
250,2023-wimbledon-1301,Carlos Alcaraz,Nicolas Jarry,3:17:22,4,5,251,2,1,1,3,0,15,2,1,1,129,122,0,0,0,0,0,0,0,0,0,0,1,0,0,0,0,0,0,0,0,0,0,11.046,4.252,2,129.0,B,NCTL,ND,0
251,2023-wimbledon-1301,Carlos Alcaraz,Nicolas Jarry,3:17:55,4,5,252,2,1,1,3,15,15,2,2,2,129,123,0,0,0,0,0,1,F,0,0,0,0,0,1,0,1,0,0,0,0,0,0,13.185,8.237,3,99.0,B,NCTL,ND,0
252,2023-wimbledon-1301,Carlos Alcaraz,Nicolas Jarry,3:18:44,4,5,253,2,1,1,3,15,30,2,1,2,129,124,0,0,0,0,0,1,B,0,0,0,0,0,0,0,0,0,0,0,0,0,0,16.359,7.683,3,123.0,C,NCTL,ND,0
253,2023-wimbledon-1301,Carlos Alcaraz,Nicolas Jarry,3:19:13,4,5,254,2,1,1,3,15,40,2,1,1,130,124,0,0,0,0,0,0,0,0,0,0,1,0,0,0,0,0,0,0,0,0,0,12.312,4.519,2,128.0,C,NCTL,ND,0
254,2023-wimbledon-1301,Carlos Alcaraz,Nicolas Jarry,3:19:46,4,5,255,2,1,1,3,30,40,2,1,1,131,124,0,0,0,0,0,0,0,0,0,0,1,0,0,0,0,0,0,0,0,0,0,20.628,14.913,4,131.0,B,NCTL,ND,0
255,2023-wimbledon-1301,Carlos Alcaraz,Nicolas Jarry,3:20:21,4,5,256,2,1,1,3,40,40,2,1,2,131,125,0,0,0,0,0,0,0,0,0,1,0,0,0,0,0,0,0,0,0,0,0,13.0,11.521,3,131.0,C,NCTL,ND,0
256,2023-wimbledon-1301,Carlos Alcaraz,Nicolas Jarry,3:20:54,4,5,257,2,1,1,3,40,AD,2,1,2,131,126,2,0,0,1,0,1,0,0,0,0,0,0,0,0,0,0,0,0,0,0,0,1.865,1.001,1,116.0,C,CTL,,1
257,2023-wimbledon-1301,Carlos Alcaraz,Nicolas Jarry,3:22:58,4,6,258,2,1,1,4,0,0,1,2,2,131,127,0,0,0,0,0,0,0,1,0,1,0,0,0,0,0,0,0,0,0,0,0,7.196,14.763,0,,C,NCTL,ND,0
258,2023-wimbledon-1301,Carlos Alcaraz,Nicolas Jarry,3:23:55,4,6,259,2,1,1,4,0,15,1,2,1,132,127,0,0,0,0,0,0,0,0,0,0,1,0,0,0,0,0,0,0,0,0,0,18.567,17.63,5,92.0,BW,CTL,D,0
259,2023-wimbledon-1301,Carlos Alcaraz,Nicolas Jarry,3:25:03,4,6,260,2,1,1,4,15,15,1,1,1,133,127,0,0,0,0,0,0,0,0,0,0,0,0,0,0,0,0,0,0,0,0,0,2.312,3.127,1,113.0,BW,NCTL,D,0
260,2023-wimbledon-1301,Carlos Alcaraz,Nicolas Jarry,3:25:28,4,6,261,2,1,1,4,30,15,1,1,1,134,127,0,0,0,0,0,0,0,0,0,0,0,1,0,1,0,0,0,0,0,0,0,20.729,34.339,5,113.0,BW,CTL,,0
261,2023-wimbledon-1301,Carlos Alcaraz,Nicolas Jarry,3:26:04,4,6,262,2,1,1,4,40,15,1,1,1,135,127,1,0,1,0,1,0,0,0,0,0,0,0,0,0,0,0,0,0,0,0,0,0.0,0.0,1,131.0,,,,1
262,2023-wimbledon-1301,Carlos Alcaraz,Nicolas Jarry,3:27:02,4,7,263,2,1,2,4,0,0,2,1,1,136,127,0,0,0,0,0,0,0,0,0,0,0,0,0,0,0,0,0,0,0,0,0,66.051,71.082,16,126.0,BC,NCTL,D,0
263,2023-wimbledon-1301,Carlos Alcaraz,Nicolas Jarry,3:28:08,4,7,264,2,1,2,4,15,0,2,2,1,137,127,0,0,0,0,0,0,0,0,1,0,1,0,0,0,0,0,0,0,0,0,0,5.41,4.731,0,,BW,CTL,D,0
264,2023-wimbledon-1301,Carlos Alcaraz,Nicolas Jarry,3:28:56,4,7,265,2,1,2,4,30,0,2,1,2,137,128,0,0,0,0,0,0,0,0,0,0,0,0,0,0,0,0,0,0,0,0,0,6.454,4.538,1,129.0,BC,CTL,D,0
265,2023-wimbledon-1301,Carlos Alcaraz,Nicolas Jarry,3:29:21,4,7,266,2,1,2,4,30,15,2,1,1,138,128,0,0,0,0,0,0,0,0,0,0,0,0,1,0,0,0,0,0,0,0,0,5.555,5.758,2,129.0,W,CTL,ND,0
266,2023-wimbledon-1301,Carlos Alcaraz,Nicolas Jarry,3:29:54,4,7,267,2,1,2,4,40,15,2,1,2,138,129,0,0,0,0,0,1,F,0,0,0,0,0,0,0,0,1,0,0,0,1,0,12.044,7.425,3,129.0,BC,CTL,ND,0
267,2023-wimbledon-1301,Carlos Alcaraz,Nicolas Jarry,3:30:31,4,7,268,2,1,2,4,40,30,2,1,1,139,129,1,0,0,0,0,0,0,0,0,0,1,0,1,0,0,1,0,1,0,0,0,11.127,11.612,2,129.0,W,CTL,ND,0
268,2023-wimbledon-1301,Carlos Alcaraz,Nicolas Jarry,3:32:27,4,8,269,2,1,3,4,0,0,1,1,1,140,129,0,0,0,0,0,0,0,0,0,0,0,0,0,0,0,0,0,0,0,0,0,29.269,23.931,7,123.0,C,CTL,D,0
269,2023-wimbledon-1301,Carlos Alcaraz,Nicolas Jarry,3:33:01,4,8,270,2,1,3,4,15,0,1,2,1,141,129,0,0,0,0,1,0,F,0,0,0,0,0,0,0,0,0,0,0,0,0,0,5.17,12.344,3,90.0,W,CTL,ND,0
270,2023-wimbledon-1301,Carlos Alcaraz,Nicolas Jarry,3:33:45,4,8,271,2,1,3,4,30,0,1,2,2,141,130,0,0,0,0,0,0,0,1,0,1,0,0,0,0,0,0,0,0,0,0,0,4.901,6.558,0,,BC,CTL,,0
271,2023-wimbledon-1301,Carlos Alcaraz,Nicolas Jarry,3:34:24,4,8,272,2,1,3,4,30,15,1,1,1,142,130,0,0,0,0,0,0,0,0,0,0,0,0,0,0,0,0,0,0,0,0,0,2.559,2.69,1,113.0,BC,NCTL,ND,0
272,2023-wimbledon-1301,Carlos Alcaraz,Nicolas Jarry,3:34:53,4,8,273,2,1,3,4,40,15,1,1,1,143,130,1,0,0,0,0,0,0,0,0,0,0,0,0,0,0,0,0,0,0,0,0,4.559,5.6,1,115.0,BW,NCTL,ND,0
273,2023-wimbledon-1301,Carlos Alcaraz,Nicolas Jarry,3:35:32,4,9,274,2,1,4,4,0,0,2,1,2,143,131,0,0,0,0,0,0,0,0,0,0,0,0,0,0,0,0,0,0,0,0,0,6.958,3.314,1,108.0,W,CTL,D,0
274,2023-wimbledon-1301,Carlos Alcaraz,Nicolas Jarry,3:35:54,4,9,275,2,1,4,4,0,15,2,1,1,144,131,0,0,0,0,0,0,0,0,0,0,1,0,0,0,0,0,0,0,0,0,0,21.572,16.683,4,121.0,C,NCTL,D,0
275,2023-wimbledon-1301,Carlos Alcaraz,Nicolas Jarry,3:36:26,4,9,276,2,1,4,4,15,15,2,1,2,144,132,0,0,0,1,0,1,0,0,0,0,0,0,0,0,0,0,0,0,0,0,0,1.796,1.106,1,110.0,W,CTL,,1
276,2023-wimbledon-1301,Carlos Alcaraz,Nicolas Jarry,3:36:52,4,9,277,2,1,4,4,15,30,2,1,2,144,133,0,0,0,0,0,1,F,0,0,0,0,0,1,0,1,0,0,0,0,0,0,14.401,6.747,3,110.0,C,NCTL,ND,0
277,2023-wimbledon-1301,Carlos Alcaraz,Nicolas Jarry,3:37:21,4,9,278,2,1,4,4,15,40,2,2,2,144,134,2,0,0,0,0,0,0,0,0,1,0,1,0,0,0,0,0,0,0,0,0,28.05,22.624,7,105.0,BC,NCTL,D,0
278,2023-wimbledon-1301,Carlos Alcaraz,Nicolas Jarry,3:39:32,4,10,279,2,1,4,5,0,0,1,2,1,145,134,0,0,0,0,1,0,B,0,0,0,0,0,0,0,0,0,0,0,0,0,0,8.178,10.283,3,101.0,BC,NCTL,ND,0
279,2023-wimbledon-1301,Carlos Alcaraz,Nicolas Jarry,3:40:14,4,10,280,2,1,4,5,15,0,1,2,1,146,134,0,0,0,0,0,0,0,0,0,0,1,0,0,0,0,0,0,0,0,0,0,9.464,9.553,3,92.0,B,NCTL,ND,0
280,2023-wimbledon-1301,Carlos Alcaraz,Nicolas Jarry,3:41:00,4,10,281,2,1,4,5,30,0,1,1,2,146,135,0,0,0,0,0,0,0,0,0,1,0,0,0,0,0,0,0,0,0,0,0,15.671,18.724,4,124.0,BC,NCTL,ND,0
281,2023-wimbledon-1301,Carlos Alcaraz,Nicolas Jarry,3:41:32,4,10,282,2,1,4,5,30,15,1,1,1,147,135,0,0,0,0,1,0,F,0,0,0,0,1,0,1,0,0,0,0,0,0,0,35.211,41.728,11,121.0,C,NCTL,D,0
282,2023-wimbledon-1301,Carlos Alcaraz,Nicolas Jarry,3:42:16,4,10,283,2,1,4,5,40,15,1,1,2,147,136,0,0,0,0,0,0,0,0,0,0,0,1,0,0,0,0,0,0,0,0,0,6.304,5.466,2,115.0,W,NCTL,ND,0
283,2023-wimbledon-1301,Carlos Alcaraz,Nicolas Jarry,3:42:48,4,10,284,2,1,4,5,40,30,1,2,2,147,137,0,0,0,0,0,0,0,0,0,0,0,0,0,0,0,0,0,0,0,0,0,18.374,24.586,6,95.0,BW,NCTL,ND,0
284,2023-wimbledon-1301,Carlos Alcaraz,Nicolas Jarry,3:43:49,4,10,285,2,1,4,5,40,40,1,1,1,148,137,0,0,0,0,1,0,F,0,0,0,0,0,0,0,0,0,0,0,0,0,0,9.086,13.871,3,129.0,C,CTL,D,0
285,2023-wimbledon-1301,Carlos Alcaraz,Nicolas Jarry,3:44:23,4,10,286,2,1,4,5,AD,40,1,1,1,149,137,1,0,0,0,0,0,0,0,0,0,0,0,0,0,0,0,0,0,0,0,0,3.861,4.678,1,113.0,C,NCTL,ND,0
286,2023-wimbledon-1301,Carlos Alcaraz,Nicolas Jarry,3:45:10,4,11,287,2,1,5,5,0,0,2,1,2,149,138,0,0,0,0,0,0,0,0,0,0,0,0,0,0,0,0,0,0,0,0,0,14.701,6.51,1,125.0,BC,CTL,ND,0
287,2023-wimbledon-1301,Carlos Alcaraz,Nicolas Jarry,3:45:48,4,11,288,2,1,5,5,0,15,2,2,1,150,138,0,0,0,0,0,0,0,0,0,0,0,1,0,1,0,0,0,0,0,0,0,10.826,11.492,2,92.0,BW,NCTL,D,0
288,2023-wimbledon-1301,Carlos Alcaraz,Nicolas Jarry,3:46:28,4,11,289,2,1,5,5,15,15,2,1,2,150,139,0,0,0,0,0,1,F,0,0,0,0,0,1,0,1,0,0,0,0,0,0,26.067,25.256,9,130.0,BC,NCTL,ND,0
289,2023-wimbledon-1301,Carlos Alcaraz,Nicolas Jarry,3:47:15,4,11,290,2,1,5,5,15,30,2,1,1,151,139,0,0,0,0,0,0,0,0,0,0,0,0,0,0,0,0,0,0,0,0,0,17.319,11.144,4,113.0,C,NCTL,D,0
290,2023-wimbledon-1301,Carlos Alcaraz,Nicolas Jarry,3:47:51,4,11,291,2,1,5,5,30,30,2,2,1,152,139,0,0,0,0,0,0,0,0,0,0,1,0,1,0,0,0,0,0,0,0,0,31.781,21.505,6,113.0,BW,NCTL,D,0
291,2023-wimbledon-1301,Carlos Alcaraz,Nicolas Jarry,3:48:58,4,11,292,2,1,5,5,40,30,2,2,1,153,139,1,0,0,0,1,0,B,0,0,0,0,0,0,0,0,1,0,1,0,0,0,6.414,5.129,2,108.0,BW,NCTL,D,0
292,2023-wimbledon-1301,Carlos Alcaraz,Nicolas Jarry,3:50:55,4,12,293,2,1,6,5,0,0,1,2,2,153,140,0,0,0,0,0,0,0,0,0,1,0,0,0,0,0,0,0,0,0,0,0,36.084,26.436,8,112.0,B,NCTL,D,0
293,2023-wimbledon-1301,Carlos Alcaraz,Nicolas Jarry,3:51:52,4,12,294,2,1,6,5,0,15,1,1,1,154,140,0,0,0,0,0,0,0,0,0,0,0,1,0,1,0,0,0,0,0,0,0,16.595,20.15,5,120.0,C,NCTL,,0
294,2023-wimbledon-1301,Carlos Alcaraz,Nicolas Jarry,3:52:30,4,12,295,2,1,6,5,15,15,1,2,1,155,140,0,0,0,0,1,0,F,0,0,0,0,0,1,0,0,0,0,0,0,0,0,27.722,36.86,3,104.0,B,CTL,ND,0
295,2023-wimbledon-1301,Carlos Alcaraz,Nicolas Jarry,3:53:25,4,12,296,2,1,6,5,30,15,1,1,2,155,141,0,0,0,0,0,0,0,0,0,0,0,1,0,0,0,0,0,0,0,0,0,10.044,9.281,2,130.0,BW,NCTL,ND,0
296,2023-wimbledon-1301,Carlos Alcaraz,Nicolas Jarry,3:54:01,4,12,297,2,1,6,5,30,30,1,1,2,155,142,0,0,0,0,0,1,B,0,0,0,0,0,0,0,0,0,0,0,0,0,0,52.318,58.723,14,113.0,BW,NCTL,ND,0
297,2023-wimbledon-1301,Carlos Alcaraz,Nicolas Jarry,3:55:02,4,12,298,2,1,6,5,30,40,1,1,1,156,142,0,0,0,0,0,0,0,0,0,0,0,0,0,0,0,0,1,0,0,0,1,2.056,1.509,1,129.0,B,NCTL,ND,0
298,2023-wimbledon-1301,Carlos Alcaraz,Nicolas Jarry,3:55:34,4,12,299,2,1,6,5,40,40,1,1,1,157,142,0,0,0,0,0,0,0,0,0,0,0,0,0,0,0,0,0,0,0,0,0,12.292,32.582,1,128.0,C,NCTL,ND,0
299,2023-wimbledon-1301,Carlos Alcaraz,Nicolas Jarry,3:56:11,4,12,300,2,1,6,5,AD,40,1,1,1,158,142,1,1,0,0,0,0,0,0,0,0,0,0,0,0,0,0,0,0,0,0,0,3.767,6.518,1,116.0,BW,NCTL,ND,0
